Image Link,Redirected Link,Final Links
https://t.co/ait9aYKzov | ,https://www.instagram.com/peace_ankit/ | ,
https://t.co/8SgjfxpM52 | ,https://www.instagram.com/peace_ankit/ | ,
https://t.co/Y0lzrCKGe0 | ,https://www.instagram.com/p/CUKVfryhGpl/?utm_medium=twitter | ,https://www.instagram.com/p/CUKVfryhGpl/ | 
https://t.co/2RVktxjRAp | ,https://www.instagram.com/accounts/login/?next=/p/CUILSWEBHA0/ | ,https://www.instagram.com/p/CUILSWEBHA0/ | 
https://t.co/crCekI0w7b | https://t.co/grtFl6m8Ur | ,https://twitter.com/i/web/status/1440877115432443904 | https://www.instagram.com/accounts/login/?next=/p/CUJg6KsBkZi/ | ,https://www.instagram.com/p/CUJg6KsBkZi/ | 
,,
https://t.co/8i8yROMutY | ,https://www.instagram.com/accounts/login/?next=/p/CUaawvmIXUv/ | ,https://www.instagram.com/p/CUaawvmIXUv/ | 
https://t.co/fuhFtyIkSz | ,https://www.instagram.com/accounts/login/?next=/p/CUaavfgo8-I/ | ,https://www.instagram.com/p/CUaavfgo8-I/ | 
https://t.co/iAIgip1Zfx | ,https://www.instagram.com/accounts/login/?next=/p/CU6IxTjBxqy/ | ,https://www.instagram.com/p/CU6IxTjBxqy/ | 
https://t.co/xH8qDYByaX | ,https://www.instagram.com/accounts/login/?next=/p/CU6qYbFBs51/ | ,https://www.instagram.com/p/CU6qYbFBs51/ | 
https://t.co/cnCYyIO26l | ,https://www.instagram.com/accounts/login/?next=/p/CU7X55AhNoB/ | ,https://www.instagram.com/p/CU7X55AhNoB/ | 
https://t.co/julDmPZz5b | https://t.co/kuvJu2dnn2 | ,https://twitter.com/i/web/status/1446336484043227141 | https://www.instagram.com/accounts/login/?next=/p/CUwTi3rt2Y2/ | ,https://www.instagram.com/p/CUwTi3rt2Y2/ | 
https://t.co/9TSz5mUqsN | https://t.co/eAvRrnQLp2 | ,https://twitter.com/i/web/status/1451935420795604996 | https://www.instagram.com/accounts/login/?next=/p/CVYFpD0vdL0/ | ,https://www.instagram.com/p/CVYFpD0vdL0/ | 
https://t.co/5FDHNPLye9 | https://t.co/vxTYtsxJuH | ,https://twitter.com/i/web/status/1451982191609647108 | https://www.instagram.com/accounts/login/?next=/p/CVYa6dyhNDR/ | ,https://www.instagram.com/p/CVYa6dyhNDR/ | 
https://t.co/HjXjOHoyxO | ,https://www.instagram.com/accounts/login/?next=/p/CVXLbxNBLXC/ | ,https://www.instagram.com/p/CVXLbxNBLXC/ | 
https://t.co/rk2N1YFcy2 | ,https://www.instagram.com/accounts/login/?next=/p/CVZfVqHhI1v/ | ,https://www.instagram.com/p/CVZfVqHhI1v/ | 
https://t.co/1BZqFkwt5j | ,https://www.instagram.com/accounts/login/?next=/p/CVbvZWXvFgs/ | ,https://www.instagram.com/p/CVbvZWXvFgs/ | 
,,
https://t.co/VFid4Cj0fD | https://t.co/HgvBxWs1dk | ,https://m.facebook.com/story.php?story_fbid=4762169197207413&id=100002431397021 | https://www.instagram.com/accounts/login/?next=/p/CVkbg1CvA5q/ | ,https://www.instagram.com/p/CVkbg1CvA5q/ | 
https://t.co/gN3doMUmPh | ,https://www.instagram.com/accounts/login/?next=/p/CVLIrTnBNYT/ | ,https://www.instagram.com/p/CVLIrTnBNYT/ | 
https://t.co/96EPpYEFXt | ,https://www.instagram.com/accounts/login/?next=/p/CVIwobRPNHr/ | ,https://www.instagram.com/p/CVIwobRPNHr/ | 
https://t.co/ye2dIYk8yQ | ,https://www.instagram.com/accounts/login/?next=/p/CVHM3ERhein/ | ,https://www.instagram.com/p/CVHM3ERhein/ | 
https://t.co/OCl8hegstn | ,https://www.instagram.com/accounts/login/?next=/p/CVHV21TPcly/ | ,https://www.instagram.com/p/CVHV21TPcly/ | 
https://t.co/1hu9hNWjy3 | ,https://www.instagram.com/accounts/login/?next=/p/CVL2h3fhpRJ/ | ,https://www.instagram.com/p/CVL2h3fhpRJ/ | 
https://t.co/J9bPt60c5p | ,https://www.instagram.com/accounts/login/?next=/p/CVL25NlhFv_/ | ,https://www.instagram.com/p/CVL25NlhFv_/ | 
https://t.co/UiKEpYqh4O | ,https://www.instagram.com/accounts/login/?next=/p/CVNPMVdB5l0/ | ,https://www.instagram.com/p/CVNPMVdB5l0/ | 
https://t.co/XLvJjwwUoB | ,https://www.instagram.com/accounts/login/?next=/p/CVNrt8HBmz-/ | ,https://www.instagram.com/p/CVNrt8HBmz-/ | 
https://t.co/TQONpIuJPB | ,https://www.instagram.com/accounts/login/?next=/p/CVNcVbXBbLM/ | ,https://www.instagram.com/p/CVNcVbXBbLM/ | 
https://t.co/HbOh2PuMHC | ,https://www.instagram.com/accounts/login/?next=/p/CVP_B5ahXmU/ | ,https://www.instagram.com/p/CVP_B5ahXmU/ | 
https://t.co/4Sb5OR5Obv | ,https://www.instagram.com/accounts/login/?next=/p/CVRj4N3B3Bl/ | ,https://www.instagram.com/p/CVRj4N3B3Bl/ | 
https://t.co/lNh3McilJO | https://t.co/l6wzS0drHL | ,https://twitter.com/i/web/status/1451110727243206660 | https://www.instagram.com/accounts/login/?next=/p/CVSOnNfKTuN/ | ,https://www.instagram.com/p/CVSOnNfKTuN/ | 
https://t.co/C7APpEPtE7 | ,https://www.instagram.com/accounts/login/?next=/p/CVTC_DMhvCB/ | ,https://www.instagram.com/p/CVTC_DMhvCB/ | 
https://t.co/LbP8onxUtz | ,https://www.instagram.com/accounts/login/?next=/p/CVURuWZB3o6/ | ,https://www.instagram.com/p/CVURuWZB3o6/ | 
https://t.co/RnJHDM4dI8 | ,https://www.instagram.com/accounts/login/?next=/p/CVVnLRTPmPz/ | ,https://www.instagram.com/p/CVVnLRTPmPz/ | 
https://t.co/4AjlnpaIKG | https://t.co/xkKtIjFbjI | ,https://twitter.com/i/web/status/1454477150438891523 | https://www.instagram.com/accounts/login/?next=/p/CVqJfTFv021/ | ,https://www.instagram.com/p/CVqJfTFv021/ | 
https://t.co/C4fXFecxNf | https://t.co/7RZrxJqOt5 | ,https://twitter.com/i/web/status/1454879822627356672 | https://www.instagram.com/accounts/login/?next=/p/CVtAmnHBXIw/ | ,https://www.instagram.com/p/CVtAmnHBXIw/ | 
https://t.co/jPTTCjFCno | ,https://www.instagram.com/accounts/login/?next=/p/CVr_4jPh5eV/ | ,https://www.instagram.com/p/CVr_4jPh5eV/ | 
https://t.co/epXaSoVmcm | ,https://www.instagram.com/accounts/login/?next=/p/CVsLjSxPVe1rGzLupjcOOsghqHXNiW_oLTaGL00/ | ,https://www.instagram.com/p/CVsLjSxPVe1rGzLupjcOOsghqHXNiW_oLTaGL00/ | 
https://t.co/vCmc6OXVaU | ,https://www.instagram.com/accounts/login/?next=/p/CVx-uRYv7C3/ | ,https://www.instagram.com/p/CVx-uRYv7C3/ | 
https://t.co/z2UqQxD4kc | ,https://www.instagram.com/accounts/login/?next=/p/CV4hjO-vgLv/ | ,https://www.instagram.com/p/CV4hjO-vgLv/ | 
https://t.co/XqVZpvUtOg | ,https://www.instagram.com/accounts/login/?next=/p/CV5R0BTBTKV/ | ,https://www.instagram.com/p/CV5R0BTBTKV/ | 
https://t.co/6WihvuxnU1 | https://t.co/KD8WWIDcX2 | ,https://twitter.com/i/web/status/1456730411422396424 | https://www.instagram.com/accounts/login/?next=/p/CV6KJv_hn0n/ | ,https://www.instagram.com/p/CV6KJv_hn0n/ | 
https://t.co/RJ8xBXywMK | ,https://www.instagram.com/accounts/login/?next=/p/CV9oPbDvkwp/ | ,https://www.instagram.com/p/CV9oPbDvkwp/ | 
https://t.co/OXZHNKISQ9 | ,https://www.instagram.com/accounts/login/?next=/p/CV-r3Yqv1rY/ | ,https://www.instagram.com/p/CV-r3Yqv1rY/ | 
https://t.co/KnqsKPSrBI | https://t.co/mHcil3NUF5 | ,https://twitter.com/i/web/status/1457011697953083397 | https://www.instagram.com/accounts/login/?next=/p/CV8KEZLv0KL/ | ,https://www.instagram.com/p/CV8KEZLv0KL/ | 
https://t.co/o0r1HsUpin | https://t.co/HdOuyq01Qe | ,https://twitter.com/i/web/status/1459943834796937219 | https://www.instagram.com/accounts/login/?next=/p/CWQ_czVrIRv/ | ,https://www.instagram.com/p/CWQ_czVrIRv/ | 
,,
,,
https://t.co/4FchY4LoAm | ,https://www.instagram.com/accounts/login/?next=/p/CWlEAmLviOF/ | ,https://www.instagram.com/p/CWlEAmLviOF/ | 
https://t.co/nuc7qRGQ6H | ,https://www.instagram.com/accounts/login/?next=/p/CU_XQW8BWoD/ | ,https://www.instagram.com/p/CU_XQW8BWoD/ | 
https://t.co/1oin5WeBtR | ,https://www.instagram.com/accounts/login/?next=/p/CVBA-pUM5rjNPcOj_aQb_-sNEHbIq1lHE9fgHQ0/ | ,https://www.instagram.com/p/CVBA-pUM5rjNPcOj_aQb_-sNEHbIq1lHE9fgHQ0/ | 
https://t.co/MuwqomyB9B | ,https://www.instagram.com/accounts/login/?next=/p/CVCWdJsJcOI/ | ,https://www.instagram.com/p/CVCWdJsJcOI/ | 
https://t.co/ycqhF0B9Kc | ,https://www.instagram.com/accounts/login/?next=/p/CVB5Ve9hAa5/ | ,https://www.instagram.com/p/CVB5Ve9hAa5/ | 
https://t.co/CCm7tbY73v | ,https://www.instagram.com/accounts/login/?next=/p/CVC_uGoP-a2/ | ,https://www.instagram.com/p/CVC_uGoP-a2/ | 
https://t.co/OdNWVKuNqb | ,https://www.instagram.com/accounts/login/?next=/p/CVDFmQch-wO/ | ,https://www.instagram.com/p/CVDFmQch-wO/ | 
https://t.co/u0pBztxwxe | ,https://www.instagram.com/accounts/login/?next=/p/CVDNeSsPabK/ | ,https://www.instagram.com/p/CVDNeSsPabK/ | 
https://t.co/6xGtqZi86q | ,https://www.instagram.com/accounts/login/?next=/p/CUvpnvbNnAV/ | ,https://www.instagram.com/p/CUvpnvbNnAV/ | 
https://t.co/En1vohkbBZ | ,https://www.instagram.com/accounts/login/?next=/p/CVDk1OFJf_i/ | ,https://www.instagram.com/p/CVDk1OFJf_i/ | 
https://t.co/yV4YYzpUs4 | ,https://www.instagram.com/accounts/login/?next=/p/CWug4Bejco8/ | ,https://www.instagram.com/p/CWug4Bejco8/ | 
https://t.co/iu45dOk0VL | ,https://www.instagram.com/accounts/login/?next=/p/CXCGNYPBqHq/ | ,https://www.instagram.com/p/CXCGNYPBqHq/ | 
https://t.co/rrg5YWWmLJ | ,https://www.instagram.com/accounts/login/?next=/p/CXA_I_pPVdUUJVSz3XyYIOryL55_5WZMhzSBRg0/ | ,https://www.instagram.com/p/CXA_I_pPVdUUJVSz3XyYIOryL55_5WZMhzSBRg0/ | 
https://t.co/fmieDzVFwI | ,https://www.instagram.com/accounts/login/?next=/p/CWzxEAwLcpI/ | ,https://www.instagram.com/p/CWzxEAwLcpI/ | 
https://t.co/RA2tww0yRS | https://t.co/vneZh4D75D | ,https://twitter.com/i/web/status/1464841661524037636 | https://www.instagram.com/accounts/login/?next=/p/CWzyuWNvFtV/ | ,https://www.instagram.com/p/CWzyuWNvFtV/ | 
https://t.co/WOV4IUMCkH | ,https://www.instagram.com/accounts/login/?next=/p/CXFeLSHhea-/ | ,https://www.instagram.com/p/CXFeLSHhea-/ | 
https://t.co/JkqSRPdMbR | ,https://www.instagram.com/accounts/login/?next=/p/CW0c1PwP2fr/ | ,https://www.instagram.com/p/CW0c1PwP2fr/ | 
https://t.co/jwNabEi4Mo | ,https://www.instagram.com/accounts/login/?next=/aszadhb19/p/CXGwfm7vxqt/ | ,https://www.instagram.com/p/CXGwfm7vxqt/ | 
https://t.co/ghTPsRAmRi | ,https://www.instagram.com/accounts/login/?next=/p/CXGyPVvvCG9/ | ,https://www.instagram.com/p/CXGyPVvvCG9/ | 
https://t.co/Yndfyewk8f | ,https://www.instagram.com/accounts/login/?next=/p/CW3zGmiBoe-/ | ,https://www.instagram.com/p/CW3zGmiBoe-/ | 
https://t.co/MT2jX7cBrI | https://t.co/ZmPzC0pZdz | ,https://twitter.com/i/web/status/1465181826650099713 | https://www.instagram.com/accounts/login/?next=/p/CW2NabYPz4-/ | ,https://www.instagram.com/p/CW2NabYPz4-/ | 
https://t.co/MbJ0TBGo3M | https://t.co/1UKmLCYoMZ | ,https://twitter.com/i/web/status/1467579395665641472 | https://www.instagram.com/accounts/login/?next=/p/CXHPs0Xhhjr/ | ,https://www.instagram.com/p/CXHPs0Xhhjr/ | 
https://t.co/F9Ka8JX0eG | ,https://www.instagram.com/accounts/login/?next=/p/CXLEWxTrwZu/ | ,https://www.instagram.com/p/CXLEWxTrwZu/ | 
https://t.co/TgM8BMxpis | ,https://www.instagram.com/accounts/login/?next=/p/CXNwoHyM3XW/ | ,https://www.instagram.com/p/CXNwoHyM3XW/ | 
https://t.co/wYKiiW1yKc | ,https://www.instagram.com/accounts/login/?next=/p/CXO75UHBaep/ | ,https://www.instagram.com/p/CXO75UHBaep/ | 
https://t.co/1fmtba2GZH | ,https://www.instagram.com/accounts/login/?next=/p/CW86DoSBC6U/ | ,https://www.instagram.com/p/CW86DoSBC6U/ | 
https://t.co/iRQIGpDCQ9 | ,https://www.instagram.com/accounts/login/?next=/p/CW_gN01h5Jx/ | ,https://www.instagram.com/p/CW_gN01h5Jx/ | 
https://t.co/lXftPJCbXg | ,https://www.instagram.com/accounts/login/?next=/p/CXTW_89vPjG/ | ,https://www.instagram.com/p/CXTW_89vPjG/ | 
https://t.co/i0np2HUawG | ,https://www.instagram.com/accounts/login/?next=/p/CXTWQarve8O/ | ,https://www.instagram.com/p/CXTWQarve8O/ | 
https://t.co/qIzhNofdQT | ,https://www.instagram.com/accounts/login/?next=/p/CXfrQkrlOhQ/ | ,https://www.instagram.com/p/CXfrQkrlOhQ/ | 
https://t.co/VN11YCLjIh | ,https://www.instagram.com/accounts/login/?next=/p/CXanIyOv1j5/ | ,https://www.instagram.com/p/CXanIyOv1j5/ | 
https://t.co/zNJh8fX9ea | ,https://www.instagram.com/accounts/login/?next=/p/CXbm7M3vQ5w/ | ,https://www.instagram.com/p/CXbm7M3vQ5w/ | 
https://t.co/kunBjMzs04 | ,https://www.instagram.com/accounts/login/?next=/aszadhb19/p/CXamF0ZrFfX/ | ,https://www.instagram.com/p/CXamF0ZrFfX/ | 
https://t.co/v2QtDBbAzA | ,https://www.instagram.com/accounts/login/?next=/p/CXgntUFJWHp/ | ,https://www.instagram.com/p/CXgntUFJWHp/ | 
https://t.co/GRyqveQrR0 | ,https://www.instagram.com/accounts/login/?next=/aszadhb19/p/CXjhK9fv4SJ/ | ,https://www.instagram.com/p/CXjhK9fv4SJ/ | 
https://t.co/lvU0GqS0yE | ,https://www.instagram.com/accounts/login/?next=/p/CXhNZVyh1H9/ | ,https://www.instagram.com/p/CXhNZVyh1H9/ | 
https://t.co/z7mbwvLxOS | ,https://www.instagram.com/accounts/login/?next=/p/CXjgjtsP5J0/ | ,https://www.instagram.com/p/CXjgjtsP5J0/ | 
https://t.co/xR4Dm287mm | ,https://www.instagram.com/accounts/login/?next=/p/CXkT5bIlZqY/ | ,https://www.instagram.com/p/CXkT5bIlZqY/ | 
https://t.co/WaYnk1r4mh | ,https://www.instagram.com/accounts/login/?next=/p/CXqnxLnPV9zacGkw80G82LWXGop6J1nR2KcDgg0/ | ,https://www.instagram.com/p/CXqnxLnPV9zacGkw80G82LWXGop6J1nR2KcDgg0/ | 
https://t.co/qLcl8WmK4D | ,https://www.instagram.com/accounts/login/?next=/p/CXt8alFhZcE/ | ,https://www.instagram.com/p/CXt8alFhZcE/ | 
https://t.co/gLscr9dusl | ,https://www.instagram.com/accounts/login/?next=/p/CXX3u6OrEA3/ | ,https://www.instagram.com/p/CXX3u6OrEA3/ | 
https://t.co/yrGfoxT0ZO | https://t.co/pO8SaQZoZP | ,https://twitter.com/i/web/status/1473271645913632774 | https://www.instagram.com/accounts/login/?next=/thatorthodoc/p/CXvsPRZFAgQ/ | ,https://www.instagram.com/p/CXvsPRZFAgQ/ | 
https://t.co/uhiFfLrwWA | ,https://www.instagram.com/accounts/login/?next=/p/CXt9JTzBbM8/ | ,https://www.instagram.com/p/CXt9JTzBbM8/ | 
,,
https://t.co/QDSxK3PSP9 | ,https://www.instagram.com/accounts/login/?next=/p/CXu-zdtL7A6/ | ,https://www.instagram.com/p/CXu-zdtL7A6/ | 
https://t.co/4ISvNsg5mV | ,https://www.instagram.com/accounts/login/?next=/p/CXzPq0khWFf/ | ,https://www.instagram.com/p/CXzPq0khWFf/ | 
